iso15924,iso_number,name_en,name_fr,native_name,type,direction,first_use,last_use,status,parent,edge,origin,unicode_version,unicode_block_start,codepoints,specimen,specimen_font,glyph_missing_reason
Adlm,166,Adlam,adlam,𞤀𞤣𞤤𞤢𞤥 𞤆𞤵𞤤𞤢𞤪,alphabet,rtl,1989,present,living,Arab,stimulus,Egyp,9.0,U+1E900,88,𞤀𞤁𞤂𞤃𞤄𞤅,NotoSansAdlam,
Afak,439,Afaka,afaka,,syllabary,ltr,1910,present,historical,Latn,stimulus,Egyp,not encoded,,0,,,not encoded in Unicode
Aghb,239,Caucasian Albanian,aghbanien,,alphabet,ltr,400,1000,historical,Armn,contested,Egyp,7.0,U+10530,53,𐔰𐔱𐔲𐔳𐔴𐔵,NotoSansCaucasianAlbanian,
Ahom,338,"Ahom, Tai Ahom",âhom,,abugida,ltr,1300,1800,revived,Mymr,attested,Egyp,8.0,U+11700,65,𑜀𑜁𑜂𑜃𑜄𑜅,NotoSerifAhom,
Arab,160,Arabic,arabe,الكتابة العربية,abjad,rtl,400,present,living,Nbat,attested,Egyp,1.1,U+0600,1413,ابجدهو,NotoSansArabic,
Aran,161,Arabic (Nastaliq variant),arabe (variante nastalique),نَستَعلِیق,variant,rtl,1400,present,living,Arab,variant,Egyp,1.1,,0,ابجدهو,NotoNastaliqUrdu,
Armi,124,Imperial Aramaic,araméen impérial,,abjad,rtl,-900,-100,historical,Phnx,attested,Egyp,5.2,U+10840,31,𐡀𐡁𐡂𐡃𐡄𐡅,NotoSansImperialAramaic,
Armn,230,Armenian,arménien,,alphabet,ltr,405,present,living,Grek,contested,Egyp,1.1,U+0531,96,ԱԲԳԴԵԶ,NotoSansArmenian,
Avst,134,Avestan,avestique,,alphabet,rtl,400,1000,historical,Phlv,attested,Egyp,5.2,U+10B00,61,𐬀𐬁𐬂𐬃𐬄𐬅,NotoSansAvestan,
Bali,360,Balinese,balinais,ᬅᬓ᭄ᬱᬭᬩᬮᬶ,abugida,ltr,1000,present,living,Kawi,attested,Egyp,5.0,U+1B00,127,ᬅᬆᬇᬈᬉᬊ,NotoSansBalinese,
Bamu,435,Bamum,bamoum,,syllabary,ltr,1896,present,living,Latn,stimulus,Egyp,5.2,U+A6A0,657,ꚠꚡꚢꚣꚤꚥ,NotoSansBamum,
Bass,259,Bassa Vah,bassa,,alphabet,ltr,1907,present,living,Latn,stimulus,Egyp,7.0,U+16AD0,36,𖫐𖫑𖫒𖫓𖫔𖫕,NotoSansBassaVah,
Batk,365,Batak,batak,ᯘᯮᯒᯖ᯲ ᯅᯖᯂ᯲,abugida,ltr,1300,present,living,Kawi,attested,Egyp,6.0,U+1BC0,56,ᯀᯁᯂᯃᯄᯅ,NotoSansBatak,
Beng,325,Bengali (Bangla),bengalî (bangla),বাংলা-অসমীয়া,abugida,ltr,1000,present,living,Sidd,attested,Egyp,1.1,U+0980,96,অআইকখগ,NotoSansBengali,
Berf,258,Beria Erfe,beria erfe,,alphabet,rtl,1980,present,living,Arab,stimulus,Egyp,not encoded,,0,,,not encoded in Unicode
Bhks,334,Bhaiksuki,bhaïksukî,भैक्षुकी,abugida,ltr,1000,1200,historical,Brah,attested,Egyp,9.0,U+11C00,97,𑰀𑰁𑰂𑰃𑰄𑰅,NotoSansBhaiksuki,
Blis,550,Blissymbols,symboles Bliss,,semasiographic,ltr,1949,present,living,Hani,stimulus,Hani,not encoded,,0,,,not encoded in Unicode
Bopo,285,Bopomofo,bopomofo,注音符號,syllabary,varies,1913,present,living,Hani,attested,Hani,1.1,U+02EA,77,ㄅㄆㄇㄈㄉㄊ,Noto Sans TC (Google Fonts subset),
Brah,300,Brahmi,brahma,𑀩𑁆𑀭𑀸𑀳𑁆𑀫𑀻,abugida,ltr,-300,500,historical,Armi,contested,Egyp,6.0,U+11000,115,𑀃𑀄𑀅𑀆𑀇𑀈,NotoSansBrahmi,
Brai,570,Braille,braille,,alphabet,ltr,1824,present,living,Latn,stimulus,Egyp,3.0,U+2800,256,⠁⠃⠉⠙⠑⠋,NotoSansSymbols2,
Bugi,367,Buginese,bouguis,ᨒᨚᨈᨑ,abugida,ltr,1600,present,living,Kawi,attested,Egyp,4.1,U+1A00,30,ᨀᨁᨂᨃᨄᨅ,NotoSansBuginese,
Buhd,372,Buhid,bouhide,ᝊᝓᝑᝒ,abugida,ltr,1300,present,living,Tglg,attested,Egyp,3.2,U+1740,20,ᝀᝁᝂᝃᝄᝅ,NotoSansBuhid,
Cakm,349,Chakma,chakma,𑄌𑄋𑄴𑄟𑄳𑄦 𑄃𑄧𑄏𑄛𑄖𑄴,abugida,ltr,1700,present,living,Mymr,attested,Egyp,6.1,U+11100,71,𑄃𑄄𑄅𑄆𑄇𑄈,NotoSansChakma,
Cans,440,Unified Canadian Aboriginal Syllabics,syllabaire autochtone canadien unifié,,abugida,ltr,1840,present,living,Latn,stimulus,Egyp,3.0,U+1400,726,ᐁᐂᐃᐄᐅᐆ,NotoSansCanadianAboriginal,
Cari,201,Carian,carien,,alphabet,varies,-700,-300,historical,Grek,contested,Egyp,5.1,U+102A0,49,𐊠𐊡𐊢𐊣𐊤𐊥,NotoSansCarian,
Cham,358,Cham,"cham (čam, tcham)",ꨀꨇꩉ ꨌꩌ,abugida,ltr,400,present,living,Gran,attested,Egyp,5.1,U+AA00,83,ꨀꨁꨂꨃꨄꨅ,NotoSansCham,
Cher,445,Cherokee,tchérokî,,syllabary,ltr,1821,present,living,Latn,stimulus,Egyp,3.0,U+13A0,172,ᎠᎡᎢᎣᎤᎥ,NotoSansCherokee,
Chis,298,Chisoi,chisoi,,alphabet,ltr,1990,present,living,Latn,stimulus,Egyp,not encoded,,0,,,not encoded in Unicode
Chrs,109,Chorasmian,chorasmien,زڨاک ای خوارزم,abjad,rtl,-100,800,historical,Armi,attested,Egyp,13.0,U+10FB0,28,𐾰𐾱𐾲𐾳𐾴𐾵,NotoSansChorasmian,
Cirt,291,Cirth,cirth,,alphabet,ltr,1930,present,fictional,Runr,stimulus,Egyp,not encoded,,0,,,not encoded in Unicode
Copt,204,Coptic,copte,,alphabet,ltr,200,present,living,Grek,attested,Egyp,4.1,U+03E2,137,ⲀⲂⲄⲆⲈⲊ,NotoSansCoptic,
Cpmn,402,Cypro-Minoan,syllabaire chypro-minoen,,undeciphered,ltr,-1550,-1050,undeciphered,Lina,attested,Lina,14.0,U+12F90,99,𒾐𒾑𒾒𒾓𒾔𒾕,NotoSansCyproMinoan,
Cprt,403,Cypriot syllabary,syllabaire chypriote,,syllabary,rtl,-1100,-300,historical,Cpmn,attested,Lina,4.0,U+10800,55,𐠀𐠁𐠂𐠃𐠄𐠅,NotoSansCypriot,
Cyrl,220,Cyrillic,cyrillique,кириллица,alphabet,ltr,900,present,living,Grek,attested,Egyp,1.1,U+0400,508,АБВГДЕ,NotoSans,
Cyrs,221,Cyrillic (Old Church Slavonic variant),cyrillique (variante slavonne),,variant,ltr,900,present,living,Cyrl,variant,Egyp,1.1,,0,АБВГДЕ,NotoSans,
Deva,315,Devanagari (Nagari),dévanâgarî,देवनागरी,abugida,ltr,700,present,living,Sidd,attested,Egyp,1.1,U+0900,164,अआइकखग,NotoSansDevanagari,
Diak,342,Dives Akuru,dives akuru,𑤙𑤱𑤩𑤵𑤭𑤱 𑤀𑤌𑤳𑤧𑤳,abugida,ltr,800,1700,historical,Sinh,attested,Egyp,13.0,U+11900,72,𑤀𑤁𑤂𑤃𑤄𑤅,NotoSerifDivesAkuru,
Dogr,328,Dogra,dogra,𑠝𑠢𑠳𑠷 𑠖𑠵𑠌𑠤𑠬 𑠀𑠊𑠹𑠋𑠤,abugida,ltr,1860,present,historical,Takr,attested,Egyp,11.0,U+11800,60,𑠀𑠁𑠂𑠃𑠄𑠅,NotoSerifDogra,
Dsrt,250,Deseret (Mormon),déseret (mormon),𐐔𐐯𐑅𐐨𐑉𐐯𐐻,alphabet,ltr,1854,1877,constructed,Latn,stimulus,Egyp,3.1,U+10400,80,𐐀𐐁𐐂𐐃𐐄𐐅,NotoSansDeseret,
Dupl,755,"Duployan shorthand, Duployan stenography",sténographie Duployé,,alphabet,ltr,1860,present,living,Latn,attested,Egyp,7.0,U+1BC00,143,𛰀𛰁𛰂𛰃𛰄𛰅,NotoSansDuployan,
Egyd,070,Egyptian demotic,démotique égyptien,,logographic,rtl,-650,500,historical,Egyh,attested,Egyp,not encoded,,0,,,not encoded in Unicode
Egyh,060,Egyptian hieratic,hiératique égyptien,,logographic,rtl,-3200,300,historical,Egyp,attested,Egyp,5.2,,0,𓀉𓀊𓀋𓀌𓀍𓀎,NotoSansEgyptianHieroglyphs,
Egyp,050,Egyptian hieroglyphs,hiéroglyphes égyptiens,,logographic,varies,-3250,400,historical,,origin,Egyp,5.2,U+13000,5105,𓀀𓀁𓀂𓀃𓀄𓀅,NotoSansEgyptianHieroglyphs,
Elba,226,Elbasan,elbasan,,alphabet,ltr,1761,1800,historical,Grek,stimulus,Egyp,7.0,U+10500,40,𐔀𐔁𐔂𐔃𐔄𐔅,NotoSansElbasan,
Elym,128,Elymaic,élymaïque,,abjad,rtl,-100,300,historical,Armi,attested,Egyp,12.0,U+10FE0,23,𐿠𐿡𐿢𐿣𐿤𐿥,NotoSansElymaic,
Ethi,430,Ethiopic (Geʻez),"éthiopien (geʻez, guèze)",ግዕዝ,abugida,ltr,-100,present,living,Sarb,attested,Egyp,3.0,U+1200,523,ሀለሐመሠረ,NotoSansEthiopic,
Gara,164,Garay,garay,,alphabet,rtl,1961,present,living,Latn,stimulus,Egyp,16.0,U+10D40,69,,,"encoded in Unicode 16, no Noto face released"
Geok,241,Khutsuri (Asomtavruli and Nuskhuri),khoutsouri (assomtavrouli et nouskhouri),ხუცური,alphabet,ltr,430,1100,historical,Grek,contested,Egyp,1.1,U+10A0,173,ႠႡႢႣႤႥ,NotoSansGeorgian,
Geor,240,Georgian (Mkhedruli and Mtavruli),géorgien (mkhédrouli et mtavrouli),,alphabet,ltr,1000,present,living,Geok,attested,Egyp,1.1,U+10A0,173,აბგდევ,NotoSansGeorgian,
Glag,225,Glagolitic,glagolitique,Ⰽⱛⱃⰺⰾⰾⱁⰲⰺⱌⰰ,alphabet,ltr,863,1900,historical,Grek,attested,Egyp,4.1,U+2C00,134,ⰀⰁⰂⰃⰄⰅ,NotoSansGlagolitic,
Gong,312,Gunjala Gondi,gunjala gondî,గుంజలా గోండి లిపి,abugida,ltr,1750,present,living,Deva,stimulus,Egyp,11.0,U+11D60,63,𑵠𑵡𑵢𑵣𑵤𑵥,NotoSansGunjalaGondi,
Gonm,313,Masaram Gondi,masaram gondî,𑴤𑴫𑴦𑴱𑴤 𑴎𑴽𑵀𑴘𑴳 𑴧𑴲𑴠𑴲,abugida,ltr,1918,present,living,Deva,stimulus,Egyp,10.0,U+11D00,75,𑴀𑴁𑴂𑴃𑴄𑴅,NotoSansMasaramGondi,
Goth,206,Gothic,gotique,,alphabet,ltr,350,900,historical,Grek,attested,Egyp,3.1,U+10330,27,𐌰𐌱𐌲𐌳𐌴𐌵,NotoSansGothic,
Gran,343,Grantha,grantha,𑌗𑍍𑌰𑌨𑍍𑌥𑌲𑌿𑌪𑌿,abugida,ltr,500,present,living,Brah,attested,Egyp,7.0,U+11300,85,𑌅𑌆𑌇𑌈𑌉𑌊,NotoSansGrantha,
Grek,200,Greek,grec,,alphabet,ltr,-800,present,living,Phnx,attested,Egyp,1.1,U+0370,518,ΑΒΓΔΕΖ,NotoSans,
Gujr,320,Gujarati,goudjarâtî (gujrâtî),ગુજરાતી લિપિ,abugida,ltr,1592,present,living,Deva,attested,Egyp,1.1,U+0A81,91,અઆઇકખગ,NotoSansGujarati,
Gukh,397,Gurung Khema,gurung khema,,abugida,ltr,1980,present,living,Latn,stimulus,Egyp,16.0,U+16100,58,,,"encoded in Unicode 16, no Noto face released"
Guru,310,Gurmukhi,gourmoukhî,گرمکھی,abugida,ltr,1539,present,living,Shrd,attested,Egyp,1.1,U+0A01,80,ਅਆਇਕਖਗ,NotoSansGurmukhi,
Hanb,503,Han with Bopomofo (alias for Han + Bopomofo),han avec bopomofo (alias pour han + bopomofo),,composite,varies,1913,present,living,Hani,composite,Hani,1.1,,0,漢字ㄅㄆㄇㄈ,Noto Sans TC (Google Fonts subset),
Hang,286,"Hangul (Hangŭl, Hangeul)","hangûl (hangŭl, hangeul)",언서,featural,varies,1443,present,living,Phag,contested,Egyp,1.1,U+1100,11739,가나다라마바,Noto Sans KR (Google Fonts subset),
Hani,500,"Han (Hanzi, Kanji, Hanja)",idéogrammes han (sinogrammes),,logographic,varies,-1250,present,living,,origin,Hani,1.1,U+2E80,103351,中文字書写語,Noto Sans SC (Google Fonts subset),
Hano,371,Hanunoo (Hanunóo),hanounóo,ᜱᜨᜳᜨᜳᜢ,abugida,ltr,1300,present,living,Tglg,attested,Egyp,3.2,U+1720,21,ᜠᜡᜢᜣᜤᜥ,NotoSansHanunoo,
Hans,501,Han (Simplified variant),idéogrammes han (variante simplifiée),简化字,variant,ltr,1956,present,living,Hani,variant,Hani,1.1,,0,汉字简体中文,Noto Sans SC (Google Fonts subset),
Hant,502,Han (Traditional variant),idéogrammes han (variante traditionnelle),繁體字,variant,varies,-200,present,living,Hani,variant,Hani,1.1,,0,漢字繁體中文,Noto Sans TC (Google Fonts subset),
Hatr,127,Hatran,hatrénien,,abjad,rtl,-100,300,historical,Armi,attested,Egyp,8.0,U+108E0,26,𐣠𐣡𐣢𐣣𐣤𐣥,NotoSansHatran,
Hebr,125,Hebrew,hébreu,אָלֶף־בֵּית עִבְרִי,abjad,rtl,-300,present,living,Armi,attested,Egyp,1.1,U+0591,134,אבגדהו,NotoSansHebrew,
Hira,410,Hiragana,hiragana,平仮名,syllabary,varies,800,present,living,Hani,attested,Hani,1.1,U+3041,381,あいうえおか,Noto Sans JP (Google Fonts subset),
Hluw,080,"Anatolian Hieroglyphs (Luwian Hieroglyphs, Hittite Hieroglyphs)","hiéroglyphes anatoliens (hiéroglyphes louvites, hiéroglyphes hittites)",,logographic,boustrophedon,-1400,-700,historical,,origin,Hluw,8.0,U+14400,583,𔐀𔐁𔐂𔐃𔐄𔐅,NotoSansAnatolianHieroglyphs,
Hmng,450,Pahawh Hmong,pahawh hmong,𖬖𖬰𖬝𖬵 𖬄𖬶𖬟 𖬌𖬣𖬵,alphabet,ltr,1959,present,living,Latn,stimulus,Egyp,7.0,U+16B00,127,𖬀𖬁𖬂𖬃𖬄𖬅,NotoSansPahawhHmong,
Hmnp,451,Nyiakeng Puachue Hmong,nyiakeng puachue hmong,𞄐𞄦𞄲𞄤𞄎𞄫𞄰𞄚𞄧𞄲𞄤𞄔𞄬𞄱,alphabet,ltr,1980,present,living,Latn,stimulus,Egyp,12.0,U+1E100,71,𞄀𞄁𞄂𞄃𞄄𞄅,NotoSerifNPHmong,
Hntl,504,Han (Traditional variant) with Latin (alias for Hant + Latn),han (variante traditionnelle) avec latin (alias pour Hant + Latn),,composite,varies,1900,present,living,Hani,composite,Hani,not encoded,,0,漢字ABCD,Noto Sans SC (Google Fonts subset),
Hrkt,412,Japanese syllabaries (alias for Hiragana + Katakana),syllabaires japonais (alias pour hiragana + katakana),仮名,composite,varies,800,present,living,Hani,composite,Hani,1.1,,0,あいうカキク,Noto Sans JP (Google Fonts subset),
Hung,176,Old Hungarian (Hungarian Runic),runes hongroises (ancien hongrois),𐲥𐳋𐳓𐳉𐳗-𐲘𐳀𐳎𐳀𐳢 𐲢𐳛𐳮𐳀𐳤,alphabet,rtl,900,present,revived,Orkh,contested,Egyp,8.0,U+10C80,108,𐲀𐲁𐲂𐲃𐲄𐲅,NotoSansOldHungarian,
Inds,610,Indus (Harappan),indus,,undeciphered,rtl,-2600,-1900,undeciphered,,origin,Inds,not encoded,,0,,,not encoded in Unicode
Ital,210,"Old Italic (Etruscan, Oscan, etc.)","ancien italique (étrusque, osque, etc.)",,alphabet,varies,-700,-100,historical,Grek,attested,Egyp,3.1,U+10300,39,𐌀𐌁𐌂𐌃𐌄𐌅,NotoSansOldItalic,
Jamo,284,Jamo (alias for Jamo subset of Hangul),jamo (alias pour le sous-ensemble jamo du hangûl),,variant,ltr,1443,present,living,Hang,variant,Egyp,1.1,,0,ᄀᄂᄃᄅᄆᄇ,Noto Sans KR (Google Fonts subset),
Java,361,Javanese,javanais,,abugida,ltr,1500,present,living,Kawi,attested,Egyp,5.2,U+A980,90,ꦄꦅꦆꦇꦈꦉ,NotoSansJavanese,
Jpan,413,Japanese (alias for Han + Hiragana + Katakana),japonais (alias pour han + hiragana + katakana),,composite,varies,800,present,living,Hani,composite,Hani,1.1,,0,日本語かなカ,Noto Sans JP (Google Fonts subset),
Jurc,510,Jurchen,jurchen,,logographic,ttb,1119,1500,historical,Kitl,stimulus,Hani,not encoded,,0,,,not encoded in Unicode
Kali,357,Kayah Li,kayah li,,abugida,ltr,1962,present,living,Mymr,attested,Egyp,5.1,U+A900,47,ꤊꤋꤌꤍꤎꤏ,NotoSansKayahLi,
Kana,411,Katakana,katakana,片仮名,syllabary,varies,800,present,living,Hani,attested,Hani,1.1,U+30A1,321,アイウエオカ,Noto Sans JP (Google Fonts subset),
Kawi,368,Kawi,kawi,,abugida,ltr,750,1500,historical,Gran,attested,Egyp,15.0,U+11F00,87,𑼂𑼄𑼅𑼆𑼇𑼈,NotoSansKawi,
Khar,305,Kharoshthi,kharochthî,,abugida,rtl,-400,300,historical,Armi,attested,Egyp,4.1,U+10A00,68,𐨀𐨐𐨑𐨒𐨓𐨕,NotoSansKharoshthi,
Khmr,355,Khmer,khmer,,abugida,ltr,611,present,living,Gran,attested,Egyp,3.0,U+1780,146,កខគឃងច,NotoSansKhmer,
Khoj,322,Khojki,khojkî,𑊻𑋧𑋂𑊺𑋢,abugida,ltr,1500,present,historical,Shrd,attested,Egyp,7.0,U+11200,65,𑈀𑈁𑈂𑈃𑈄𑈅,NotoSansKhojki,
Kitl,505,Khitan large script,grande écriture khitan,契丹大字,logographic,ttb,920,1200,undeciphered,Hani,stimulus,Hani,not encoded,,0,,,not encoded in Unicode
Kits,288,Khitan small script,petite écriture khitan,契丹小字,logographic,ttb,925,1200,undeciphered,Kitl,attested,Hani,13.0,U+16FE4,472,𘬀𘬁𘬂𘬃𘬄𘬅,NotoSerifKhitanSmallScript,
Knda,345,Kannada,kannara (canara),ಕನ್ನಡ ಲಿಪಿ,abugida,ltr,500,present,living,Brah,attested,Egyp,1.1,U+0C80,92,ಅಆಇಕಖಗ,NotoSansKannada,
Kore,287,Korean (alias for Hangul + Han),coréen (alias pour hangûl + han),국한문체,composite,varies,1443,present,living,Hani,composite,Hani,1.1,,0,한국어漢字書,Noto Sans KR (Google Fonts subset),
Kpel,436,Kpelle,kpèllé,,syllabary,ltr,1935,present,living,Vaii,stimulus,Egyp,not encoded,,0,,,not encoded in Unicode
Krai,396,Kirat Rai,kirat rai,,abugida,ltr,1990,present,living,Latn,stimulus,Egyp,16.0,U+16D40,58,,,"encoded in Unicode 16, no Noto face released"
Kthi,317,Kaithi,kaithî,𑂍𑂶𑂟𑂲,abugida,ltr,1550,1950,historical,Deva,attested,Egyp,5.2,U+11080,68,𑂃𑂄𑂅𑂆𑂇𑂈,NotoSansKaithi,
Lana,351,Tai Tham (Lanna),taï tham (lanna),อักษรธรรมล้านนา,abugida,ltr,1300,present,living,Mymr,attested,Egyp,5.2,U+1A20,127,ᨠᨡᨢᨣᨤᨥ,NotoSansTaiTham,
Laoo,356,Lao,laotien,ອັກສອນລາວ,abugida,ltr,1350,present,living,Khmr,attested,Egyp,1.1,U+0E81,83,ກຂຄງຈຊ,NotoSansLao,
Latf,217,Latin (Fraktur variant),latin (variante brisée),Fraktur,variant,ltr,1150,present,living,Latn,variant,Egyp,1.1,,0,ABCDEF,NotoSans,
Latg,216,Latin (Gaelic variant),latin (variante gaélique),,variant,ltr,700,present,living,Latn,variant,Egyp,1.1,,0,ABCDEF,NotoSans,
Latn,215,Latin,latin,,alphabet,ltr,-700,present,living,Ital,attested,Egyp,1.1,U+0041,1492,ABCDEF,NotoSans,
Leke,364,Leke,léké,,abugida,ltr,1830,present,living,Mymr,attested,Egyp,not encoded,,0,,,not encoded in Unicode
Lepc,335,Lepcha (Róng),lepcha (róng),ᰕᰧᰵᰶᰙᰳ,abugida,ltr,1700,present,living,Tibt,attested,Egyp,5.1,U+1C00,74,ᰀᰁᰂᰃᰄᰅ,NotoSansLepcha,
Limb,336,Limbu,limbou,ᤕᤰᤌᤢᤱ ᤐᤠᤴ,abugida,ltr,1700,present,living,Lepc,attested,Egyp,4.0,U+1900,68,ᤀᤁᤂᤃᤄᤅ,NotoSansLimbu,
Lina,400,Linear A,linéaire A,,undeciphered,ltr,-1800,-1450,undeciphered,,origin,Lina,7.0,U+10600,341,𐘀𐘁𐘂𐘃𐘄𐘅,NotoSansLinearA,
Linb,401,Linear B,linéaire B,,syllabary,ltr,-1450,-1200,historical,Lina,attested,Lina,4.0,U+10000,211,𐀀𐀁𐀂𐀃𐀄𐀅,NotoSansLinearB,
Lisu,399,Lisu (Fraser),lisu (Fraser),,alphabet,ltr,1915,present,living,Latn,attested,Egyp,5.2,U+A4D0,49,ꓐꓑꓒꓓꓔꓕ,NotoSansLisu,
Loma,437,Loma,loma,,syllabary,ltr,1930,present,living,Vaii,stimulus,Egyp,not encoded,,0,,,not encoded in Unicode
Lyci,202,Lycian,lycien,,alphabet,ltr,-500,-300,historical,Grek,attested,Egyp,5.1,U+10280,29,𐊀𐊁𐊂𐊃𐊄𐊅,NotoSansLycian,
Lydi,116,Lydian,lydien,,alphabet,rtl,-700,-300,historical,Grek,attested,Egyp,5.1,U+10920,27,𐤠𐤡𐤢𐤣𐤤𐤥,NotoSansLydian,
Mahj,314,Mahajani,mahâjanî,महाजनी,abugida,ltr,1600,1950,historical,Deva,attested,Egyp,7.0,U+11150,39,𑅐𑅑𑅒𑅓𑅔𑅕,NotoSansMahajani,
Maka,366,Makasar,makassar,,abugida,ltr,1600,1900,historical,Bugi,attested,Egyp,11.0,U+11EE0,25,𑻠𑻡𑻢𑻣𑻤𑻥,NotoSerifMakasar,
Mand,140,"Mandaic, Mandaean",mandéen,,abjad,rtl,200,present,living,Armi,attested,Egyp,6.0,U+0840,29,ࡀࡁࡂࡃࡄࡅ,NotoSansMandaic,
Mani,139,Manichaean,manichéen,,abjad,rtl,250,1000,historical,Palm,attested,Egyp,7.0,U+10AC0,51,𐫀𐫁𐫂𐫃𐫄𐫅,NotoSansManichaean,
Marc,332,Marchen,marchen,,abugida,ltr,1000,present,historical,Tibt,attested,Egyp,9.0,U+11C70,68,𑱲𑱳𑱴𑱵𑱶𑱷,NotoSansMarchen,
Maya,090,Mayan hieroglyphs,hiéroglyphes mayas,,logographic,ltr,-300,1600,historical,,origin,Maya,not encoded,,0,,,not encoded in Unicode
Medf,265,"Medefaidrin (Oberi Okaime, Oberi Ɔkaimɛ)",médéfaïdrine,𖹝𖹰𖹯𖹼𖹫 𖹚𖹬𖹾𖹠𖹯,alphabet,ltr,1930,present,living,Latn,stimulus,Egyp,11.0,U+16E40,91,𖹀𖹁𖹂𖹃𖹄𖹅,NotoSansMedefaidrin,
Mend,438,Mende Kikakui,mendé kikakui,,syllabary,rtl,1917,present,living,Vaii,stimulus,Egyp,7.0,U+1E800,213,𞠀𞠁𞠂𞠃𞠄𞠅,NotoSansMendeKikakui,
Merc,101,Meroitic Cursive,cursif méroïtique,,abugida,rtl,-300,400,historical,Egyd,attested,Egyp,6.1,U+109A0,90,𐦠𐦡𐦢𐦣𐦤𐦥,NotoSansMeroitic,
Mero,100,Meroitic Hieroglyphs,hiéroglyphes méroïtiques,,abugida,rtl,-300,400,historical,Egyp,attested,Egyp,6.1,U+10980,32,𐦀𐦁𐦂𐦃𐦄𐦅,NotoSansMeroitic,
Mlym,347,Malayalam,malayâlam,മലയാളലിപി,abugida,ltr,830,present,living,Gran,attested,Egyp,1.1,U+0D00,118,അആഇകഖഗ,NotoSansMalayalam,
Modi,324,"Modi, Moḍī",modî,,abugida,ltr,1200,present,historical,Deva,attested,Egyp,7.0,U+11600,79,𑘀𑘁𑘂𑘃𑘄𑘅,NotoSansModi,
Mong,145,Mongolian,mongol,ᠮᠣᠩᠭᠣᠯ ᠪᠢᠴᠢᠭ᠌,abjad,ttb,1204,present,living,Ougr,attested,Egyp,3.0,U+1800,168,ᠠᠡᠢᠣᠤᠥ,NotoSansMongolian,
Moon,218,"Moon (Moon code, Moon script, Moon type)",écriture Moon,,alphabet,boustrophedon,1845,present,living,Latn,attested,Egyp,not encoded,,0,,,not encoded in Unicode
Mroo,264,"Mro, Mru",mro,,alphabet,ltr,1980,present,living,Latn,stimulus,Egyp,7.0,U+16A40,43,𖩀𖩁𖩂𖩃𖩄𖩅,NotoSansMro,
Mtei,337,"Meitei Mayek (Meithei, Meetei)",meitei mayek,ꯃꯩꯇꯩ ꯃꯌꯦꯛ,abugida,ltr,1100,present,living,Brah,contested,Egyp,5.2,U+AAE0,79,ꫠꫡꫢꫣꫤꫥ,NotoSansMeeteiMayek,
Mult,323,Multani,multanî,ਮੁਲਤਾਨੀ ਲਿਪੀ,abugida,ltr,1750,1950,historical,Shrd,attested,Egyp,8.0,U+11280,38,𑊀𑊁𑊂𑊃𑊄𑊅,NotoSansMultani,
Mymr,350,Myanmar (Burmese),birman,မွန်မြန်မာအက္ခရာ,abugida,ltr,1000,present,living,Gran,attested,Egyp,3.0,U+1000,243,ကခဂဃငစ,NotoSansMyanmar,
Nagm,295,Nag Mundari,nag mundari,𞓗𞓕𞓨𞓚 𞓧𞓟𞓨𞓡𞓚,alphabet,ltr,1949,present,living,Latn,stimulus,Egyp,15.0,U+1E4D0,42,𞓐𞓑𞓒𞓓𞓔𞓕,NotoSansNagMundari,
Nand,311,Nandinagari,nandinâgarî,𑧁𑧞𑦿𑧒𑧁𑧑𑦰𑧈𑧓,abugida,ltr,1100,1800,historical,Deva,attested,Egyp,12.0,U+119A0,65,𑦠𑦡𑦢𑦣𑦤𑦥,NotoSansNandinagari,
Narb,106,Old North Arabian (Ancient North Arabian),nord-arabique,,abjad,varies,-800,400,historical,Psin,attested,Egyp,7.0,U+10A80,32,𐪀𐪁𐪂𐪃𐪄𐪅,NotoSansOldNorthArabian,
Nbat,159,Nabataean,nabatéen,,abjad,rtl,-200,400,historical,Armi,attested,Egyp,7.0,U+10880,40,𐢀𐢁𐢂𐢃𐢄𐢅,NotoSansNabataean,
Newa,333,"Newa, Newar, Newari, Nepāla lipi","néwa, néwar, néwari, nepāla lipi",𑐥𑑂𑐬𑐔𑐮𑐶𑐟 𑐣𑐾𑐥𑐵𑐮,abugida,ltr,1100,present,living,Sidd,attested,Egyp,9.0,U+11400,97,𑐀𑐁𑐂𑐃𑐄𑐅,NotoSansNewa,
Nkdb,085,"Naxi Dongba (na²¹ɕi³³ to³³ba²¹, Nakhi Tomba)",naxi dongba,,semasiographic,ltr,1200,present,living,,origin,Nkdb,not encoded,,0,,,not encoded in Unicode
Nkgb,420,"Naxi Geba (na²¹ɕi³³ gʌ²¹ba²¹, 'Na-'Khi ²Ggŏ-¹baw, Nakhi Geba)","naxi geba, nakhi geba",,syllabary,ltr,1600,present,living,Nkdb,attested,Nkdb,not encoded,,0,,,not encoded in Unicode
Nkoo,165,N’Ko,n’ko,ߒߞߏ,alphabet,rtl,1949,present,living,Arab,stimulus,Egyp,5.0,U+07C0,62,ߊߋߌߍߎߏ,NotoSansNKo,
Nshu,499,Nüshu,nüshu,女書,syllabary,ttb,1400,present,historical,Hani,attested,Hani,10.0,U+16FE1,397,𖿡𛅰𛅱𛅲𛅳𛅴,NotoSansNushu,
Ogam,212,Ogham,ogam,᚛ᚑᚌᚐᚋ᚜,alphabet,varies,350,600,historical,Latn,stimulus,Egyp,3.0,U+1680,29,ᚁᚂᚃᚄᚅᚆ,NotoSansOgham,
Olck,261,"Ol Chiki (Ol Cemet’, Ol, Santali)",ol tchiki,ᱚᱞ ᱪᱤᱠᱤ,alphabet,ltr,1925,present,living,Latn,stimulus,Egyp,5.1,U+1C50,48,ᱚᱛᱜᱝᱞᱟ,NotoSansOlChiki,
Onao,296,Ol Onal,ol onal,𞗘𞗪𞗢𞗑𞗜𞗥𞗰,alphabet,ltr,1981,present,living,Latn,stimulus,Egyp,16.0,U+1E5D0,44,,,"encoded in Unicode 16, no Noto face released"
Orkh,175,"Old Turkic, Orkhon Runic",orkhon,,alphabet,rtl,700,1000,historical,Sogd,contested,Egyp,5.2,U+10C00,73,𐰀𐰁𐰂𐰃𐰄𐰅,NotoSansOldTurkic,
Orya,327,Oriya (Odia),oriyâ (odia),ଓଡ଼ିଆ ଲିପି,abugida,ltr,1050,present,living,Sidd,attested,Egyp,1.1,U+0B01,91,ଅଆଇକଖଗ,NotoSansOriya,
Osge,219,Osage,osage,,alphabet,ltr,2006,present,living,Latn,attested,Egyp,9.0,U+104B0,72,𐒰𐒱𐒲𐒳𐒴𐒵,NotoSansOsage,
Osma,260,Osmanya,osmanais,𐒍𐒖𐒇𐒂𐒖 𐒋𐒘𐒈𐒑𐒛𐒒𐒕𐒖,alphabet,ltr,1922,present,living,Latn,stimulus,Egyp,4.0,U+10480,40,𐒀𐒁𐒂𐒃𐒄𐒅,NotoSansOsmanya,
Ougr,143,Old Uyghur,ancien ouïgour,,abjad,ttb,800,1800,historical,Sogd,attested,Egyp,14.0,U+10F70,26,𐽰𐽱𐽲𐽳𐽴𐽵,NotoSerifOldUyghur,
Palm,126,Palmyrene,palmyrénien,,abjad,rtl,-100,300,historical,Armi,attested,Egyp,7.0,U+10860,32,𐡠𐡡𐡢𐡣𐡤𐡥,NotoSansPalmyrene,
Pauc,263,Pau Cin Hau,paou chin haou,,alphabet,ltr,1902,present,living,Latn,stimulus,Egyp,7.0,U+11AC0,57,𑫀𑫁𑫂𑫃𑫄𑫅,NotoSansPauCinHau,
Pcun,015,Proto-Cuneiform,proto-cunéiforme,,logographic,varies,-3300,-2900,historical,,origin,Pcun,not encoded,,0,,,not encoded in Unicode
Pelm,016,Proto-Elamite,proto-élamite,,undeciphered,rtl,-3200,-2900,undeciphered,,origin,Pelm,not encoded,,0,,,not encoded in Unicode
Perm,227,Old Permic,ancien permien,,alphabet,ltr,1372,1700,historical,Cyrl,attested,Egyp,7.0,U+10350,43,𐍐𐍑𐍒𐍓𐍔𐍕,NotoSansOldPermic,
Phag,331,Phags-pa,’phags pa,,abugida,ttb,1269,1400,historical,Tibt,attested,Egyp,5.0,U+A840,56,ꡀꡁꡂꡃꡄꡅ,NotoSansPhagsPa,
Phli,131,Inscriptional Pahlavi,pehlevi des inscriptions,,abjad,rtl,-100,900,historical,Armi,attested,Egyp,5.2,U+10B60,27,𐭠𐭡𐭢𐭣𐭤𐭥,NotoSansInscriptionalPahlavi,
Phlp,132,Psalter Pahlavi,pehlevi des psautiers,,abjad,rtl,600,800,historical,Phli,attested,Egyp,7.0,U+10B80,29,𐮀𐮁𐮂𐮃𐮄𐮅,NotoSansPsalterPahlavi,
Phlv,133,Book Pahlavi,pehlevi des livres,,abjad,rtl,400,1100,historical,Phli,attested,Egyp,not encoded,,0,,,not encoded in Unicode
Phnx,115,Phoenician,phénicien,,abjad,rtl,-1050,100,historical,Psin,attested,Egyp,5.0,U+10900,29,𐤀𐤁𐤂𐤃𐤄𐤅,NotoSansPhoenician,
Piqd,293,Klingon (KLI pIqaD),klingon (pIqaD du KLI),,alphabet,ltr,1985,present,fictional,Latn,stimulus,Egyp,not encoded,,0,,,not encoded in Unicode
Plrd,282,Miao (Pollard),miao (Pollard),,abugida,ltr,1904,present,living,Latn,stimulus,Egyp,6.1,U+16F00,149,𖼀𖼁𖼂𖼃𖼄𖼅,NotoSansMiao,
Prti,130,Inscriptional Parthian,parthe des inscriptions,,abjad,rtl,-250,250,historical,Armi,attested,Egyp,5.2,U+10B40,30,𐭀𐭁𐭂𐭃𐭄𐭅,NotoSansInscriptionalParthian,
Psin,103,Proto-Sinaitic,proto-sinaïtique,,abjad,varies,-1900,-1400,historical,Egyp,attested,Egyp,not encoded,,0,,,not encoded in Unicode
Ranj,303,Ranjana,ranjana,,abugida,ltr,1100,present,living,Sidd,attested,Egyp,not encoded,,0,,,not encoded in Unicode
Rjng,363,"Rejang (Redjang, Kaganga)",redjang (kaganga),ꥆꤰ꥓ꤼꤽ ꤽꥍꤺꥏ,abugida,ltr,1700,present,living,Kawi,attested,Egyp,5.1,U+A930,37,ꤰꤱꤲꤳꤴꤵ,NotoSansRejang,
Rohg,167,Hanifi Rohingya,hanifi rohingya,𐴌𐴟𐴇𐴥𐴝𐴚𐴒𐴙𐴝 𐴇𐴝𐴕𐴞𐴉𐴞 𐴓𐴠𐴑𐴤𐴝,alphabet,rtl,1983,present,living,Arab,attested,Egyp,11.0,U+10D00,50,𐴀𐴁𐴂𐴃𐴄𐴅,NotoSansHanifiRohingya,
Roro,620,Rongorongo,rongorongo,,undeciphered,boustrophedon,1700,1864,undeciphered,,origin,Roro,not encoded,,0,,,not encoded in Unicode
Runr,211,Runic,runique,ᚱᚢᚾᛟ,alphabet,boustrophedon,150,1500,historical,Ital,attested,Egyp,3.0,U+16A0,86,ᚠᚡᚢᚣᚤᚥ,NotoSansRunic,
Samr,123,Samaritan,samaritain,,abjad,rtl,-600,present,living,Phnx,attested,Egyp,5.2,U+0800,61,ࠀࠁࠂࠃࠄࠅ,NotoSansSamaritan,
Sara,292,Sarati,sarati,,alphabet,ltr,1919,present,fictional,Latn,stimulus,Egyp,not encoded,,0,,,not encoded in Unicode
Sarb,105,Old South Arabian,"sud-arabique, himyarite",𐩣𐩯𐩬𐩵,abjad,boustrophedon,-900,600,historical,Psin,attested,Egyp,5.2,U+10A60,32,𐩠𐩡𐩢𐩣𐩤𐩥,NotoSansOldSouthArabian,
Saur,344,Saurashtra,saurachtra,ꢱꣃꢬꢵꢰ꣄ꢜ꣄ꢬ ꢂꢒ꣄ꢯꢬꢸꢥ꣄,abugida,ltr,1880,present,living,Gran,attested,Egyp,5.1,U+A880,82,ꢂꢃꢄꢅꢆꢇ,NotoSansSaurashtra,
Seal,590,(Small) Seal,sigillaire,小篆,variant,ttb,-800,present,living,Hani,variant,Hani,not encoded,,0,,,not encoded in Unicode
Sgnw,095,SignWriting,"SignÉcriture, SignWriting",M547x535S10019454x474S10011478x465S2ea04483x501S2ea48461x509S29b0b514x500S15a0a511x471S1eb20523x486,featural,ttb,1974,present,living,Latn,stimulus,Egyp,8.0,U+1D800,672,𝠀𝠁𝠂𝠃𝠄𝠅,NotoSansSignWriting,
Shaw,281,Shavian (Shaw),shavien (Shaw),𐑖𐑱𐑝𐑾𐑯,alphabet,ltr,1960,present,constructed,Latn,stimulus,Egyp,4.0,U+10450,48,𐑐𐑑𐑒𐑓𐑔𐑕,NotoSansShavian,
Shrd,319,"Sharada, Śāradā","charada, shard",𑆯𑆳𑆫𑆢𑆳,abugida,ltr,800,1900,historical,Brah,attested,Egyp,6.1,U+11180,104,𑆃𑆄𑆅𑆆𑆇𑆈,NotoSansSharada,
Shui,530,Shuishu,shuishu,,logographic,rtl,1400,present,living,Hani,stimulus,Hani,not encoded,,0,,,not encoded in Unicode
Sidd,302,"Siddham, Siddhaṃ, Siddhamātṛkā",siddham,𑖭𑖰𑖟𑖿𑖠𑖽,abugida,ltr,550,1200,historical,Brah,attested,Egyp,7.0,U+11580,92,𑖀𑖁𑖂𑖃𑖄𑖅,NotoSansSiddham,
Sidt,180,Sidetic,sidétique,,alphabet,ltr,-500,-300,historical,Grek,attested,Egyp,not encoded,,0,,,not encoded in Unicode
Sind,318,"Khudawadi, Sindhi","khoudawadî, sindhî",खुदाबादी,abugida,ltr,1550,present,historical,Shrd,attested,Egyp,7.0,U+112B0,69,𑊰𑊱𑊲𑊳𑊴𑊵,NotoSansKhudawadi,
Sinh,348,Sinhala,singhalais,සිංහල අක්ෂර මාලාව,abugida,ltr,-200,present,living,Brah,attested,Egyp,3.0,U+0D81,111,අආඇකඛග,NotoSansSinhala,
Sogd,141,Sogdian,sogdien,𐼼𐼇𐼄𐼌𐼊𐼋,abjad,varies,400,1000,historical,Sogo,attested,Egyp,11.0,U+10F30,42,𐼰𐼱𐼲𐼳𐼴𐼵,NotoSansSogdian,
Sogo,142,Old Sogdian,ancien sogdien,,abjad,rtl,-100,400,historical,Armi,attested,Egyp,11.0,U+10F00,40,𐼀𐼁𐼂𐼃𐼄𐼅,NotoSansOldSogdian,
Sora,398,Sora Sompeng,sora sompeng,𑃐𑃦𑃝𑃗 𑃐𑃦𑃖𑃛𑃣𑃗,alphabet,ltr,1936,present,living,Latn,stimulus,Egyp,6.1,U+110D0,35,𑃐𑃑𑃒𑃓𑃔𑃕,NotoSansSoraSompeng,
Soyo,329,Soyombo,soyombo,𑪞𑪞,abugida,ltr,1686,1800,historical,Ranj,attested,Egyp,10.0,U+11A50,83,𑩐𑩜𑩝𑩞𑩟𑩠,NotoSansSoyombo,
Sund,362,Sundanese,sundanais,ᮃᮊ᮪ᮞᮛ ᮞᮥᮔ᮪ᮓ,abugida,ltr,1400,present,living,Kawi,attested,Egyp,5.1,U+1B80,72,ᮃᮄᮅᮆᮇᮈ,NotoSansSundanese,
Sunu,274,Sunuwar,sunuwar,𑯆𑯑𑯃̃𑯌 𑯎𑯄𑯂𑯒𑯂,abugida,ltr,1942,present,living,Latn,stimulus,Egyp,16.0,U+11BC0,44,,,"encoded in Unicode 16, no Noto face released"
Sylo,316,Syloti Nagri,sylotî nâgrî,ꠎꠟꠣꠟꠣꠛꠣꠖꠤ ꠢꠞꠚ (Perso-Arabic origin),abugida,ltr,1500,present,living,Kthi,attested,Egyp,4.1,U+A800,45,ꠀꠁꠃꠄꠅꠇ,NotoSansSylotiNagri,
Syrc,135,Syriac,syriaque,ܐܠܦ ܒܝܬ ܣܘܪܝܝܐ,abjad,rtl,100,present,living,Armi,attested,Egyp,3.0,U+0700,88,ܐܒܓܕܖܗ,NotoSansSyriac,
Syre,138,Syriac (Estrangelo variant),syriaque (variante estranghélo),ܐܣܛܪܢܓܠܐ,variant,rtl,100,present,living,Syrc,variant,Egyp,3.0,,0,ܐܒܓܕܗܘ,NotoSansSyriac,
Syrj,137,Syriac (Western variant),syriaque (variante occidentale),ܣܶܪܛܳܐ,variant,rtl,400,present,living,Syrc,variant,Egyp,3.0,,0,ܐܒܓܕܗܘ,NotoSansSyriacWestern,
Syrn,136,Syriac (Eastern variant),syriaque (variante orientale),ܡܲܕ݂ܢܚܵܝܵܐ,variant,rtl,400,present,living,Syrc,variant,Egyp,3.0,,0,ܐܒܓܕܗܘ,NotoSansSyriacEastern,
Tagb,373,Tagbanwa,tagbanoua,ᝦᝪᝯ,abugida,ltr,1300,present,living,Tglg,attested,Egyp,3.2,U+1760,18,ᝠᝡᝢᝣᝤᝥ,NotoSansTagbanwa,
Takr,321,"Takri, Ṭākrī, Ṭāṅkrī",tâkrî,𑚔𑚭𑚊𑚤𑚯,abugida,ltr,1500,present,historical,Shrd,attested,Egyp,6.1,U+11680,68,𑚀𑚁𑚂𑚃𑚄𑚅,NotoSansTakri,
Tale,353,Tai Le,taï-le,,abugida,ltr,1300,present,living,Mymr,attested,Egyp,4.0,U+1950,35,ᥐᥑᥒᥓᥔᥕ,NotoSansTaiLe,
Talu,354,New Tai Lue,nouveau taï-lue,ᦟᦲᧅᦷᦎᦺᦑᦟᦹᧉ,abugida,ltr,1200,present,living,Lana,attested,Egyp,4.1,U+1980,83,ᦀᦁᦂᦃᦄᦅ,NotoSansNewTaiLue,
Taml,346,Tamil,tamoul,தமிழ்,abugida,ltr,700,present,living,Gran,attested,Egyp,1.1,U+0B82,123,அஆஇகஙச,NotoSansTamil,
Tang,520,Tangut,tangoute,𗼇𗟲,logographic,ltr,1036,1500,historical,Hani,stimulus,Hani,9.0,U+16FE0,7059,𖿠𗀀𗀁𗀂𗀃𗀄,NotoSerifTangut,
Tavt,359,Tai Viet,taï viêt,,abugida,ltr,1500,present,living,Lana,attested,Egyp,5.2,U+AA80,72,ꪀꪁꪂꪃꪄꪅ,NotoSansTaiViet,
Tayo,380,Tai Yo,taï yo,,abugida,ltr,1500,present,historical,Lana,attested,Egyp,not encoded,,0,,,not encoded in Unicode
Telu,340,Telugu,télougou,తెలుగు లిపి,abugida,ltr,600,present,living,Brah,attested,Egyp,1.1,U+0C00,101,అఆఇకఖగ,NotoSansTelugu,
Teng,290,Tengwar,tengwar,,alphabet,ltr,1930,present,fictional,Latn,stimulus,Egyp,not encoded,,0,,,not encoded in Unicode
Tfng,120,Tifinagh (Berber),tifinagh (berbère),ⵜⴼⵉⵏⵗ,abjad,varies,-300,present,living,Sarb,contested,Egyp,4.1,U+2D30,59,ⴰⴱⴲⴳⴴⴵ,NotoSansTifinagh,
Tglg,370,"Tagalog (Baybayin, Alibata)","tagal (baybayin, alibata)",ᜊᜌ᜔ᜊᜌᜒᜈ᜔,abugida,ltr,1300,present,revived,Kawi,attested,Egyp,3.2,U+1700,23,ᜀᜁᜂᜃᜄᜅ,NotoSansTagalog,
Thaa,170,Thaana,thâna,ތާނަ,abugida,rtl,1700,present,living,Arab,attested,Egyp,3.0,U+0780,50,ހށނރބޅ,NotoSansThaana,
Thai,352,Thai,thaï,อักษรไทย,abugida,ltr,1283,present,living,Khmr,attested,Egyp,1.1,U+0E01,86,กขฃคฅฆ,NotoSansThai,
Tibt,330,Tibetan,tibétain,བོད་ཡིག་,abugida,ltr,650,present,living,Brah,attested,Egyp,2.0,U+0F00,207,ཀཁགངཅཆ,NotoSerifTibetan,
Tirh,326,Tirhuta,tirhouta,𑒧𑒱𑒟𑒱𑒪𑒰𑒏𑓂𑒭𑒩,abugida,ltr,1100,present,historical,Beng,attested,Egyp,7.0,U+11480,82,𑒀𑒁𑒂𑒃𑒄𑒅,NotoSansTirhuta,
Tnsa,275,Tangsa,tangsa,𖪰𖩵𖪂𖪫𖩸 𖪫𖪏𖪴𖩻𖪇𖪐,alphabet,ltr,1990,present,living,Latn,stimulus,Egyp,14.0,U+16A70,89,𖩰𖩱𖩲𖩳𖩴𖩵,NotoSansTangsa,
Todr,229,Todhri,todhri,,alphabet,ltr,1700,1900,historical,Grek,stimulus,Egyp,16.0,U+105C0,52,,,"encoded in Unicode 16, no Noto face released"
Tols,299,Tolong Siki,tolong siki,𑶻𑶳𑷑𑶳𑷎 𑷔𑶰𑷊𑶰,alphabet,ltr,1980,present,living,Latn,stimulus,Egyp,not encoded,,0,,,not encoded in Unicode
Toto,294,Toto,toto,𞊒𞊪𞊒𞊪 𞊫𞊠𞊐𞊭𞊑𞊦𞊒,abugida,ltr,1936,present,living,Latn,stimulus,Egyp,14.0,U+1E290,31,𞊐𞊑𞊒𞊓𞊔𞊕,NotoSerifToto,
Tutg,341,Tulu-Tigalari,tulu-tigalari,𑎡𑎻𑎭𑎻 𑎭𑎹𑎦𑎹,abugida,ltr,1000,present,historical,Gran,attested,Egyp,16.0,U+11380,80,,,"encoded in Unicode 16, no Noto face released"
Ugar,040,Ugaritic,ougaritique,,abjad,ltr,-1400,-1190,historical,Xsux,stimulus,Pcun,4.0,U+10380,31,𐎀𐎁𐎂𐎃𐎄𐎅,NotoSansUgaritic,
Vaii,470,Vai,vaï,ꕙꔤ,syllabary,ltr,1833,present,living,Latn,stimulus,Egyp,5.1,U+A500,300,ꔀꔁꔂꔃꔄꔅ,NotoSansVai,
Visp,280,Visible Speech,parole visible,,featural,ltr,1867,1900,historical,Latn,stimulus,Egyp,not encoded,,0,,,not encoded in Unicode
Vith,228,Vithkuqi,vithkuqi,,alphabet,ltr,1844,1900,historical,Grek,stimulus,Egyp,14.0,U+10570,70,𐕰𐕱𐕲𐕳𐕴𐕵,NotoSansVithkuqi,
Wara,262,Warang Citi (Varang Kshiti),warang citi,𑢹𑣗𑣁𑣜𑣊 𑣏𑣂𑣕𑣂,alphabet,ltr,1950,present,living,Latn,stimulus,Egyp,7.0,U+118A0,84,𑢠𑢡𑢢𑢣𑢤𑢥,NotoSansWarangCiti,
Wcho,283,Wancho,wantcho,𞋒𞋀𞋉𞋃𞋕 𞋈𞋀𞋜𞋐𞋜,alphabet,ltr,2001,present,living,Latn,stimulus,Egyp,12.0,U+1E2C0,59,𞋀𞋁𞋂𞋃𞋄𞋅,NotoSansWancho,
Wole,480,Woleai,woléaï,,syllabary,ltr,1900,1950,historical,Latn,stimulus,Egyp,not encoded,,0,,,not encoded in Unicode
Xpeo,030,Old Persian,cunéiforme persépolitain,,syllabary,ltr,-525,-330,historical,Xsux,stimulus,Pcun,4.1,U+103A0,50,𐎠𐎡𐎢𐎣𐎤𐎥,NotoSansOldPersian,
Xsux,020,"Cuneiform, Sumero-Akkadian",cunéiforme suméro-akkadien,,logographic,ltr,-2900,75,historical,Pcun,attested,Pcun,5.0,U+12000,1234,𒀀𒀁𒀂𒀃𒀄𒀅,NotoSansCuneiform,
Yezi,192,Yezidi,yézidi,,alphabet,rtl,1400,present,living,Syrc,attested,Egyp,13.0,U+10E80,47,𐺀𐺁𐺂𐺃𐺄𐺅,NotoSerifYezidi,
Yiii,460,Yi,yi,ꆈꌠꁱꂷ,syllabary,ltr,1300,present,living,Hani,contested,Hani,3.0,U+A000,1220,ꀀꀁꀂꀃꀄꀅ,NotoSansYi,
Zanb,339,"Zanabazar Square (Zanabazarin Dörböljin Useg, Xewtee Dörböljin Bicig, Horizontal Square Script)",zanabazar quadratique,𑨢𑨆𑨏𑨳𑨋𑨆𑨬𑨳,abugida,ltr,1686,1800,historical,Tibt,attested,Egyp,10.0,U+11A00,72,𑨀𑨋𑨌𑨍𑨎𑨏,NotoSansZanabazarSquare,
Zsye,993,Symbols (Emoji variant),symboles (variante émoji),絵文字,symbols,ltr,1999,present,living,Latn,composite,Egyp,6.0,,0,☺★☂✈♪⚑,Noto Emoji (Google Fonts subset),
